scaffold_id,input_count,selected_count,scaffold_log2_enrichment
0,208687,21591,0.05066920525792676
1,182132,17955,-0.01901929142975144
2,208104,20303,-0.03403203838110962
3,201258,19954,-0.01078844425644503
4,209160,21020,0.008735508906848617
5,198422,20192,0.026791560066880448
6,211334,18307,-0.20555000596278544
7,187507,17535,-0.09512761564870531
8,195510,23178,0.2470937147014422
9,200092,19965,-0.0016107049955136356
